Component,Description,Part,References,Value,Footprint,Quantity Per PCB,Datasheet,ust_id,sim.device,sim.params,sim.pins,sim.type
1,Single-cell battery,Battery_Cell,BT1,KEYS2998,BatteryHolder_Keystone_2998_1x6.8mm,1,~,5c70984412875079b91f87ea,,,,
2,Unpolarized capacitor,C,C30C33,15pF,C_0805_2012Metric,2,~,5c70984712875079b91f8b32,,,,
3,Unpolarized capacitor,C,C15C18,1nF,C_0805_2012Metric,2,~,5c70984812875079b91f8ba6,,,,
4,Unpolarized capacitor,C,C2C4C6C10C12C13C14C16C20C25C26C27C28C31C34C35C36C39C44C45C46C47C48C51C54C56C59C60,100nF,C_0805_2012Metric,28,~,6508260b462c6d9e720541f1 5c70984712875079b91f8b4c,,,,
5,Unpolarized capacitor,C,C3C17C24C37,1uF,C_1210_3225Metric,4,~,65082f52462c6d9e72054238,,,,
6,Unpolarized capacitor,C,C43,4u7,C_0805_2012Metric,1,~,5e3ff8fc1287502a33bad7a3,,,,
7,"Polarized capacitor, small symbol",C_Polarized_Small,C7C8C11C21C23C40C42C50C53C55,10uF,CP_EIA-3216-18_Kemet-A,10,https://eu.mouser.com/datasheet/2/40/TAJ-3165264.pdf,65089dd0462c6d9e720542b3,,,,
8,Unpolarized capacitor,C,C9C22C38C41C49,10uF,C_0805_2012Metric,5,~,5c70984712875079b91f8b53,,,,
9,Unpolarized capacitor,C,C1C32,47uF,C_0805_2012Metric,2,~,5c70984812875079b91f8bbf,,,,
10,Feedthrough capacitor,C_Feedthrough,C52,100R,FIR_0805,1,~,5c70984512875079b91f8977,,,,
11,Unpolarized capacitor,C,C19C29,1nF/NP0,C_0805_2012Metric,2,~,5c70984812875079b91f8ba6,,,,
12,Unpolarized capacitor,C,C5,1pF/NP0 251R15S1R0AV4E,C_0805_2012Metric,1,~,5c70984712875079b91f8b9f,,,,
13,Light emitting diode,LED,D9,BLUE,LED_1206_3216Metric,1,~,5c70984512875079b91f8898,,,,
14,,D_ZENER,D1D5D6D11,BZX585-B5V6.115,D_SOD-523,4,https://www.tme.eu/Document/7f59fc987b8fce7e4ab18399d6e66bd1/BZX585-DTE.pdf,60879d38128750769ee58e48,,,,
15,Light emitting diode,LED,D8,GREEN,LED_1206_3216Metric,1,~,5c70984412875079b91f8895,,,,
16,Light emitting diode,LED,D7D10,RED,LED_1206_3216Metric,2,~,5c70984412875079b91f8896,,,,
17,Photodiode,D_Photo,D2,S2744-09,HAMAMATSU_S2744-09,1,https://www.hamamatsu.com/content/dam/hamamatsu-photonics/sites/documents/99_SALES_LIBRARY/ssd/s2744-08_etc_kpin1049e.pdf,628d118cdc56076e9a2235e4,,,,
18,Light emitting diode,LED,D3D4,YELLOW,LED_1206_3216Metric,2,~,5c70984412875079b91f8897,,,,
19,"Resettable fuse, polymeric positive temperature coefficient",Polyfuse,F2,SR010-15 100mA,Fuse_0805_2012Metric,1,~,5cc331a7128750448e54e8fa,,,,
20,,SD_Card-FPS009-4200-0,J2,SD_Card-FPS009-4200-0,FPS009-4200-0,1,https://eu.mouser.com/datasheet/2/448/Yamaichi_Electronics_08162018_FPS009-4200-0_B-1391393.pdf,5cdd24d5128750448edda353,,,,
21,,SM03B-GHS-TB,J7,SM03B-GHS-TB,JST_GH_SM03B-GHS-TB_1x03-1MP_P1.25mm_Horizontal,1,,612880e51287500165a978de,,,,
22,1x07 2.54 mm pitch header,SM06B-GHS-TB,J3,SM06B-GHS-TB,JST_GH_SM06B-GHS-TB_1x06-1MP_P1.25mm_Horizontal,1,,5fa0f70212875025b3977932,,,,
23,1x08 2.54 mm pitch header,SM08B-GHS-TB,J1,SM08B-GHS-TB,JST_GH_SM08B-GHS-TB_1x08-1MP_P1.25mm_Horizontal,1,,5fa0f75012875025b3977948,,,,
24,USB 2.0-only Type-C Receptacle connector,USBC_USB4105-GF-A,J4,USBC_USB4105-GF-A,USBC GCT_USB4105-GF-A,1,,5fa0f94612875025b397795e,,,,
25,"Inductor, small symbol",L_Small,L3,DFE252012P-4R7M,L_1008_2520Metric,1,~,5cc3309d128750448e54e8d8,,,,
26,"Inductor with ferrite core, small symbol",L_Ferrite_Small,L1L2L5,NL03KT330,L_0603_1608Metric_Pad1.05x0.95mm_HandSolder,3,~,64fe1808f3b9d36f37fc944d,,,,
27,,HOLE,M8,BMI-S-204-F,Laird_Technologies_BMI-S-204-F_32.00x32.00mm,1,,5c72751c1287500b4e11301a,,,,
28,"N-JFET transistor, source/drain/gate",Q_NJFET_SDG,Q1,2SK2394-6,SOT-23,1,~,628d134fdc56076e9a223625,,,,
29,"NPN transistor, base/emitter/collector",Q_NPN_BEC,Q2Q3Q4,BC817-25,SOT-23,3,~,5c70984712875079b91f8aea,,,,
30,Resistor,R,R1R50,10R,R_0805_2012Metric,2,~,5c70984512875079b91f896d,,,,
31,Resistor,R,R43,18R,R_0805_2012Metric,1,~,5c70984512875079b91f896e,,,,
32,Resistor,R,R44,51R,R_0805_2012Metric,1,~,5c70984512875079b91f8953,,,,
33,Resistor,R,R36,82R,R_0805_2012Metric,1,~,5c70984512875079b91f8976,,,,
34,Resistor,R,R17R18R24R25R32R33R34R39R41R45R46R47R48R49,100R,R_0805_2012Metric,14,~,5c70984512875079b91f8977,,,,
35,Resistor,R,R28R29R38,180R,R_0805_2012Metric,3,~,5c70984512875079b91f897c,,,,
36,Resistor,R,R2R3R4R5R40,470R,R_0805_2012Metric,5,~,5c70984512875079b91f8986,,,,
37,Resistor,R,R8R10,1k,R_0805_2012Metric,2,~,5c70984512875079b91f898c,,,,
38,Resistor,R,R13,2k2,R_0805_2012Metric,1,~,5c70984612875079b91f8990,,,,
39,Resistor,R,R11,3k6,R_0805_2012Metric,1,~,,,,,
40,Resistor,R,R9R14R15R16R19R22R26,4k7,R_0805_2012Metric,7,~,5c70984612875079b91f8995,,,,
41,Resistor,R,R30R31,5k1,R_0805_2012Metric,2,~,5fa0fc3e12875025b3977997,,,,
42,Resistor,R,R7R12R20R21R23R27R35R37R42,10k,R_0805_2012Metric,9,~,5c70984512875079b91f8962,,,,
43,Resistor,R,R6,10M,R_0805_2012Metric,1,~,5c70984712875079b91f8aae,,,,
44,"I2C Serial EEPROM, 64Kb (8192x8) with Unique Serial Number, SO8",AT24CS64-SSHM,U6,AT24CS64-SSHM,SOIC-8_3.9x4.9mm_P1.27mm,1,http://ww1.microchip.com/downloads/en/DeviceDoc/Atmel-8870-SEEPROM-AT24CS64-Datasheet.pdf,5c70984712875079b91f8b99,,,,
45,,ATMEGA1284P-AU-atmel-DATALOGGER01A-rescue-CCP2019V01A-rescue,U10,ATMEGA1284P-AU,TQFP-44_10x10mm_P0.8mm,1,http://www.atmel.com/Images/Atmel-8272-8-bit-AVR-microcontroller-ATmega164A_PA-324A_PA-644A_PA-1284_P_datasheet.pdf,5c70984412875079b91f888e,,,,
46,"Full Speed USB to Full Handshake UART, QFN-20",FT231XQ,U9,FT231XQ,QFN-20-1EP_4x4mm_P0.5mm_EP2.5x2.5mm,1,https://www.ftdichip.com/Support/Documents/DataSheets/ICs/DS_FT231X.pdf,605d7fe0128750769e769adb,,,,
47,"2.0V 25μA Micropower Voltage Reference, SOT-23",ISL21070CIH320Z-TK,U16,ISL21080CIH325Z,SOT-23,1,https://cz.mouser.com/datasheet/2/698/REN_isl21080_DST_20040119-1998038.pdf,6555c89a95a79cc5ac409c19,,,,
48,"Electronically Programmable Voltage Reference, 4.0V to 5.5V Single-Supply Operation, SOT23-5",DS4305,U3,ISL21080DIH309ZT inverted mount!,SOT-23-5,1,https://eu.mouser.com/datasheet/2/609/DS4305_DS4305K-3122241.pdf,5c70984712875079b91f8b0b,,,,
49,"Single Rail-to-Rail High Output Current Operational Amplifiers, SOT-23-5",AD8691,U4,MAX9075EUK+,SOT-23-5,1,https://eu.mouser.com/datasheet/2/609/MAX9075_MAX9077-3130929.pdf,6555cb7295a79cc5ac409c68,,,,
50,"300mA Low-dropout Voltage Regulator, Vout 3.3V, Vin up to 5.5V, SOT-23",MIC5504-3.3YM5,U12,MIC5504-3.3YM5-TR,SOT-23-5,1,http://ww1.microchip.com/downloads/en/DeviceDoc/MIC550X.pdf,5c7255e81287500b4e112ea2,,,,
51,Op amp.,AD8692,U1U2,OPA2314,SOIC-8_3.9x4.9mm_P1.27mm,2,https://www.ti.com/lit/ds/symlink/opa2314.pdf,5c70984412875079b91f879b,SPICE,"type=X model=""X 1 2 3 4 5 OPAMP""",,
52,RTC,PCF85263A,U11,PCF85263A,TSSOP-10_3x3mm_P0.5mm,1,,5c70984612875079b91f8a0c,,,,
53,"Digital Humidity and Temperature Sensor, +/-1%RH, +/-0.1degC, I2C, 1.08-3.6V, 16bit, DFN-4",SHT4x,U15,SHT4x,Sensirion_DFN-4_1.5x1.5mm_P0.8mm_SHT4x_NoCentralPad,1,https://sensirion.com/media/documents/33FD6951/624C4357/Datasheet_SHT4x.pdf,65227831462c6d9e720559a1,,,,
54,,TPS22919DCK,U14,TPS22919DCK,SOT-363_SC-70-6,1,https://www.ti.com/lit/ds/symlink/tps22919.pdf?HQS=dis-mous-null-mousermode-dsf-pf-null-wwe&ts=1695074728777&ref_url=https%253A%252F%252Feu.mouser.com%252F,5dc501ee128750448eca1add,,,,
55,"1.8A Step-Up Converter, 5V Output Voltage, 0.9-5.5V Input Voltage, SOT-23-5",TPS613222ADBV,U8,TPS613222ADBV,SOT-23-5,1,http://www.ti.com/lit/ds/symlink/tps61322.pdf,5c7190ae1287500b4e112e04,,,,
56,,TS5A4594,U5,TS5A4594,SOT-23-5,1,https://www.ti.com/lit/ds/symlink/ts5a4594.pdf,5c70984612875079b91f8a0d,,,,
57,"Very low capacitance ESD protection diode, 2 data-line, SOT-23-6",USBLC6-2SC6,U7,USBLC6-2SC6,SOT-23-6,1,https://www.st.com/resource/en/datasheet/usblc6-2.pdf,5e82e0691287502a334a778c,,,,
58,Two pin crystal,Crystal,Y1,8 MHz,Crystal_HC49-4H_Vertical,1,~,5c70984712875079b91f8b0e,,,,
59,Two pin crystal,Crystal,Y2,ABS07-120-32.768KHZ-T,Crystal_SMD_3215-2Pin_3.2x1.5mm,1,https://cz.mouser.com/datasheet/2/3/ABS07-3080027.pdf,5c70984712875079b91f8b1b,,,,
